tick;corrected_tick;remaining_distance;victim_harm;idle_time_robot;q_table_cps;q_table_cps_runs;q_table_basic;world_nr;tick_nr
3019;3000;23;300;1;;;"                     Move back and forth  Stand Still    Pick up       Drop      Break
[4, 'equal', False]           -14.956763    -8.530418  -9.168029 -26.384264 -16.021200
[4, 'human', False]           -14.092341   -21.800000 -19.000000  -4.620000 -29.169625
[4, 'human', True]             -5.050000    -3.500000   0.366000   0.000000  -2.650000
[4, 'equal', True]            -20.217563   -35.446810  -3.667884 -10.317435 -20.073405
[3, 'human', False]           -22.024332   -34.622368 -29.394345 -26.244750 -28.061680
[3, 'human', True]            -47.236800   -39.650601  -9.933729 -24.082625 -42.635237
[2, 'human', True]             -4.500000    -3.500000   0.000000 -17.811302   0.000000
[2, 'human', False]            -6.000000   -26.900000   0.565674  -1.672500 -26.572500
[1, 'human', False]           -11.500000    -3.500000   8.234400  -0.624000   0.000000
[4, 'robot', False]           -21.516032   -21.639222 -24.929928 -21.457221 -21.071676
[3, 'equal', False]            -8.040000    -7.900000  -5.600000 -11.153464 -20.877910
[4, 'robot', True]            -43.932465   -36.114117 -11.273099 -10.546246 -32.748007
[3, 'robot', True]            -48.843384   -51.844544 -47.055250 -51.782755 -35.954507
[3, 'robot', False]           -79.183671   -19.933470 -37.837058 -48.853521 -53.531548
[2, 'robot', False]           -39.424916    -0.238218 -29.707200  -9.078405 -10.393623
[2, 'equal', False]           -77.529680   -22.563750  -1.000000   0.000000   0.000000
[1, 'equal', False]            -3.349600    -3.500000  -8.257400   0.000000   0.000000
[1, 'human', True]              0.000000     0.000000   0.000000 -26.000000   0.000000
[2, 'equal', True]             -6.700000    -3.200000  -2.332123  -4.200000  -8.174880
[2, 'robot', True]            -43.956998   -33.072000  -5.000126  -6.271342 -35.623317
[1, 'robot', False]            -8.544208   -40.000000 -10.934008  -3.700000  -6.257400
[1, 'robot', True]            -35.557219   -10.588001 -37.458406 -24.672450 -28.632160
[3, 'equal', True]             -6.550000    -3.500000   0.000000  -2.200000   0.382000";1;3019
