tick;corrected_tick;remaining_distance;victim_harm;idle_time_robot;q_table_cps;q_table_cps_runs;q_table_basic;world_nr;tick_nr
2528;2509;13;2400;1;;;"                     Move back and forth  Stand Still    Pick up       Drop      Break
[4, 'equal', False]           -16.158431   -16.755312  -6.687854 -26.384264 -16.587672
[4, 'human', False]           -40.620109   -21.800000 -16.186361  -4.620000 -29.169625
[4, 'human', True]             -5.050000    -3.500000  -1.786858   0.000000  -2.650000
[4, 'equal', True]            -21.358913   -35.446810  -8.068327 -15.573299 -58.176750
[3, 'human', False]           -18.133529   -34.622368 -29.394345 -26.244750 -28.061680
[3, 'human', True]            -47.236800   -39.650601 -12.037581 -14.895771 -42.635237
[2, 'human', True]             -4.500000    -3.500000   0.000000 -17.811302  -3.839484
[2, 'human', False]           -29.101400   -26.900000  -9.252234 -38.916982 -37.482609
[1, 'human', False]           -11.500000    -3.500000  13.204810  -0.624000   0.000000
[4, 'robot', False]           -13.184172   -21.639222 -24.929928 -19.603236 -24.500350
[3, 'equal', False]           -44.648419   -17.903910 -13.843312 -45.370732 -55.091948
[4, 'robot', True]            -43.932465   -36.114117 -11.704113  -8.855710 -32.748007
[3, 'robot', True]            -56.209925   -51.844544 -14.174671 -14.550867 -28.347985
[3, 'robot', False]           -79.183671   -66.227456 -15.663016 -10.107258 -53.531548
[2, 'robot', False]           -46.427089   -10.227230 -42.113593 -48.513745 -78.370102
[2, 'equal', False]           -77.529680   -47.481879 -35.619325 -44.719360 -41.089484
[1, 'equal', False]             4.295520    -3.500000  -8.257400  -8.500000   0.000000
[1, 'human', True]              0.000000     0.000000   0.000000 -26.000000   0.000000
[2, 'equal', True]            -11.610000   -19.325881 -17.916061  -4.200000  -8.382169
[2, 'robot', True]            -43.956998   -38.805112 -12.309814  -3.168983 -35.623317
[1, 'robot', False]           -40.249819     2.207402  -7.550695 -42.495209 -22.889637
[1, 'robot', True]            -51.450314   -17.500510 -37.458406 -24.237960 -27.717815
[3, 'equal', True]            -27.240000   -10.331257  -6.003626  -6.959405 -22.189095";1;2528
