tick;corrected_tick;remaining_distance;victim_harm;idle_time_robot;q_table_cps;q_table_cps_runs;q_table_basic;world_nr;tick_nr
3019;3000;18;400;3;;;"                     Move back and forth  Stand Still    Pick up       Drop      Break
[4, 'equal', False]           -14.956763   -11.756988 -15.589845 -26.384264 -16.021200
[4, 'human', False]           -14.092341   -21.800000 -19.000000  -4.620000 -29.169625
[4, 'human', True]             -5.050000    -3.500000   0.366000   0.000000  -2.650000
[4, 'equal', True]            -20.217563   -35.446810  -6.566195 -11.239817 -20.073405
[3, 'human', False]           -22.024332   -34.622368 -29.394345 -26.244750 -28.061680
[3, 'human', True]            -47.236800   -39.650601  -9.933729 -24.082625 -42.635237
[2, 'human', True]             -4.500000    -3.500000   0.000000 -17.811302   0.000000
[2, 'human', False]            -6.000000   -26.900000   0.565674  -1.672500 -26.572500
[1, 'human', False]           -11.500000    -3.500000   8.234400  -0.624000   0.000000
[4, 'robot', False]           -12.634059   -21.639222 -24.929928 -12.681937 -24.500350
[3, 'equal', False]           -11.922800   -11.356000 -13.843312 -45.370732 -20.877910
[4, 'robot', True]            -43.932465   -36.114117 -11.465422 -11.611498 -32.748007
[3, 'robot', True]            -28.953551   -51.844544  -8.809319 -51.782755 -36.847638
[3, 'robot', False]           -79.183671   -66.227456 -22.348946 -43.210144 -53.531548
[2, 'robot', False]           -39.424916   -39.738675 -29.707200 -48.513745 -23.052006
[2, 'equal', False]           -77.529680   -22.563750  -7.000000 -26.000000  -2.500000
[1, 'equal', False]            -3.349600    -3.500000  -8.257400   0.000000   0.000000
[1, 'human', True]              0.000000     0.000000   0.000000 -26.000000   0.000000
[2, 'equal', True]             -6.700000    -3.200000  -2.332123  -4.200000  -8.174880
[2, 'robot', True]            -43.956998   -33.072000  -7.731383 -12.450927 -35.623317
[1, 'robot', False]           -12.382104   -40.000000 -29.648941 -27.460000 -12.975805
[1, 'robot', True]            -35.557219   -37.121583 -37.458406 -24.672450 -28.632160
[3, 'equal', True]             -6.550000    -3.500000   0.000000  -2.200000  -6.746250";1;3019
